degree,terms,ols_cv_mse,ols_cv_mse_std,ols_cv_r2,ridge_alpha,ridge_cv_mse,ridge_cv_mse_std,ridge_cv_r2,lasso_alpha,lasso_cv_mse,lasso_cv_mse_std,lasso_cv_r2,lasso_cv_active_mean,lasso_full_active
1,3,41.507955254704726,8.239624998112934,0.2458057126998479,0.1,41.507903967313716,8.239564589501486,0.24580859636586191,0.001,41.50795481743514,8.239003563648009,0.24581054850990638,3.0,3
2,9,23.929165571011687,3.857374742073127,0.5629547947452693,0.1,23.9291287121686,3.8577676146866167,0.5629575366506113,0.001,23.929361409659485,3.859286014155112,0.5629607925065672,9.0,9
3,19,13.043742456428893,2.9860420670351826,0.7603521460293706,0.1,13.043794781007563,2.9861696526091914,0.7603538443757382,0.001,13.043828755620194,2.98722266950971,0.7603591165380548,19.0,19
4,34,4.021331173123586,0.4904456851814859,0.925802400349187,0.1,4.021409547598248,0.49137196739218963,0.9258084517801848,0.001,4.0210194839272075,0.49426725481656536,0.9258326692148513,34.0,34
5,55,1.5829541493637138,0.34476561686947516,0.9712404226700301,0.1,1.5820896004911382,0.3451667185439075,0.9712633828746876,0.0005,1.5837227413055244,0.34909293169303446,0.9712482286159208,54.5,55
6,83,0.5586872020932974,0.12550679106942328,0.989799134540416,0.1,0.5582882185174494,0.12466717961405188,0.9898107227667621,0.0003,0.5617067493946375,0.12778709740624306,0.9897571737287004,82.3,82
7,119,0.3587563770360517,0.10130680847224818,0.993420665497071,0.1,0.35187017435025314,0.09012909667163493,0.993548715736168,0.0003,0.3566726884248563,0.09342056790101942,0.9934721254024679,113.6,113
8,164,0.2709009407816737,0.06048922767003325,0.9949664004143697,0.05,0.26906658800896677,0.06560029956436046,0.9950280736495337,0.0003,0.28789111304616355,0.08280333222010003,0.9947070900483543,141.4,142
9,219,0.2875217390160168,0.09150378362091176,0.9946252428358882,0.1,0.28868132944444724,0.12027269620084041,0.994654289403873,0.0003,0.2852813694063687,0.0987616487235525,0.9947273607605538,161.9,163
10,285,0.3709720888423431,0.17004104829412442,0.9930463384330352,0.7,0.2651552668823548,0.07293018131103768,0.9950972225334972,0.0003,0.26282763715104807,0.0711188661496391,0.9951286995824045,180.8,175
11,363,2.2323494420442698,5.455086385016479,0.9592989742602617,1.2,0.28409258144566646,0.12373301514860559,0.9947489768645749,0.0003,0.27908577215065294,0.11222461111661752,0.9948253699965608,204.6,205
12,454,7.712855935978946,20.81386019290261,0.8603307513393231,1.8,0.2706049029982298,0.08980992551847253,0.9949877480681787,0.0003,0.26648209792642796,0.07835218049185015,0.995039726015591,220.4,223
