x1,x2,x3,y
-0.3288117944361957,-0.693956612296807,1.0,-1.0384497982318956
0.5059285880698678,0.1838235108610491,0.9024906929818874,0.6809323594884357
1.0,0.26317666417634733,0.7437794286563528,10.448422363906705
-1.0,-0.6185619974067675,0.8471311787563529,7.601279011746074
1.0,0.09344464970444366,-0.19334425484339168,4.63494594362733
0.5266311883313446,-0.8368541176100746,1.0,-5.010028385654077
-0.023529062478831797,1.0,-0.4809852317000587,9.31855847704101
-0.0071733449177326936,-0.41488585119723065,0.9128681407190888,-0.6256299568248004
-0.268425781651209,-0.5392754197896417,-1.0,-4.017374608371647
-0.9937982327787085,-0.5185697775024771,0.3182136131798734,-0.1777024909882476
-0.9989760127664413,-0.5515717154733328,-0.4903181070516778,0.177036721935263
0.49522133763439036,0.39274448579427834,-0.7402328169787975,0.378887898645897
-0.598641662391487,0.04392102697382905,-1.0,0.613448016030638
-1.0,-0.3752481465255142,-0.7367299067367576,0.40425425373351337
1.0,1.0,-1.0,38.420713724870275
-0.4725805126154692,1.0,-1.0,-0.15934711868145335
-0.191802440646055,-1.0,0.1528795435678929,2.2445401548455006
1.0,-0.018409923865869482,0.2569636075621764,5.815426088770567
-1.0,0.4849659561602544,0.48122879778278893,-4.197993793807121
0.7392615123006863,-0.4386252513757467,0.2788879349670663,1.8452879674853429
0.9206938602787988,-0.5930151295945485,0.45781178152590996,2.6089405204552074
0.8997401218493986,0.7428869599052255,1.0,18.3747683908478
1.0,-0.2857869448498753,0.21280202659309855,4.745886136802172
-0.909340305391799,0.007397694559963419,-0.9205456492131665,5.618341872313401
-1.0,0.5962776063403288,1.0,6.31601243382989
-0.8139010700716713,0.7033262806353078,-0.47125936712480243,-1.104983404104099
-0.17283998284484703,-0.40264021294268737,0.205474888319499,0.34392108745646904
0.028553644500443065,0.5667515475476459,0.5251855478568568,0.05047398143131121
0.8541294877326753,0.6791336041374825,0.82095223413386,10.187814369220282
0.5371861287611701,-0.06616223305379143,-0.9357798568109494,-0.19138565689372888
-0.010236737714806488,1.0,-1.0,3.767119879055279
1.0,-0.3111324490974001,0.5528723085941825,5.881905779847997
0.25022126673096734,-1.0,0.963617945741341,-6.2834745567892005
0.7916298845613208,-1.0,-1.0,-26.4872746543558
0.33278413511117644,0.5891298115251415,-0.06495159216413082,1.4868818767139977
1.0,-0.40852806885495707,0.37768184856328735,4.212887159362149
-0.5437301987457364,-1.0,0.3636725131168954,4.055096363172211
-0.10504588392496639,-0.618262927500181,-0.9700282245009058,-5.274948031812381
0.9334307996528333,0.32113459409200007,0.5644286963939402,6.175768326143658
-0.024175812827284204,0.9864028799156568,-1.0,2.7582787934606974
0.6489356753284872,0.12889821701318938,-0.37430199090846394,1.4262117318700942
-0.11171998625129276,0.07407021586114126,-1.0,-2.145294609511902
-0.7773345492431665,-1.0,0.9945521127674986,5.105260431630634
0.9550904928877328,1.0,0.6069885006023377,12.717189482190662
-0.9578504628041009,0.15795828664321854,-0.1557743975929211,-3.1187867041784267
-0.7680437450475952,0.1954305255979214,-0.7652602857687201,-0.3498719045813332
0.5112960804064242,-0.6621403167561601,0.34193442535347107,0.7432117189788969
-0.5763133404248444,-0.5465337615249009,-0.03385186520796646,0.7953397669727795
-0.8093712471910968,-0.8454533291532922,0.13854831430165482,4.391172358244668
-0.29110817259905075,0.10040041098321506,-1.0,-2.191965021703921
0.02966351298724823,-0.15950828933266603,0.26156021134804264,1.1871878492903292
1.0,1.0,-0.2534585567887535,16.65885129524785
-0.8314928717032526,0.6921347801112789,-0.6311341389377785,-0.8631097630109336
-0.3673229787918453,0.010940834957345436,-0.24125243080851222,0.18890162836814983
0.8462692554884741,-0.3695423067559611,0.3258292875317621,3.2419095915699563
-1.0,-0.511626947936962,-1.0,5.621954872382477
-0.015366886708079175,0.12063093982629325,-0.1899764985350807,0.8212764270510031
-0.02728232042711798,-0.8712949381312116,-0.39437814307857755,1.9831819430355542
0.28863361828660317,-1.0,0.30199865521675573,1.0760004819173807
-0.2797807295930632,-0.4711820831607596,-0.24741576979223878,0.6378836430002985
-0.10751147775698078,-0.1728723659682383,1.0,0.8992730274094893
0.32030340492014564,-1.0,-0.6129433514340923,-3.23276037057022
-0.08792390506022829,-0.5596580687750354,-0.9132549268448433,-3.1471380557647017
0.3381929892143549,0.7835585684205613,-0.04786212324334871,2.250364280631986
0.9953156925045288,0.39513673314025755,1.0,19.844711083738314
-1.0,1.0,0.837755895147122,4.953061083165509
1.0,-0.5638453939043881,-1.0,-0.5503866118401306
0.9841244784110847,0.5624265021210779,-0.052652075469876713,6.018771716630168
0.07084376056770436,0.8836349796234444,-1.0,-1.719406373767911
0.0010696535170686694,0.3345611974204845,0.15544138559488307,-0.07411500826865519
0.3677531052975742,-1.0,0.8632057712649952,-3.068458649026031
-0.32109737468104593,1.0,0.12694134651895106,6.550070786388434
-0.11336914856576552,1.0,0.33006373158185043,6.548409523784545
-0.8443766343543433,-0.9642366946138712,0.7169892458844247,8.392567795560497
1.0,0.42565589362018663,0.7670165673306273,13.222200121796526
-0.04235673384000993,-1.0,0.2954216854756959,1.5609286230284276
-1.0,-0.3186030878874775,-0.1743470301476251,-3.616990339131653
0.9438892384327557,-0.19556088359520563,0.39088273641065485,4.650742977229563
-0.8949501242956781,-0.3573726828602508,-0.11053866732788742,-0.8896690313532883
1.0,0.8139343113975179,-0.3889444205878403,8.137710938902716
0.04965270694718105,-0.8186012583555182,0.0836417931937199,2.8361633888007716
0.0030756606484327875,0.6290541099975131,-0.12221022868846187,0.5512727268329052
0.45804389746994856,0.25002768457072166,1.0,1.6680203045883417
0.35566737560700457,-0.7931135076368832,-1.0,-10.35194833818055
1.0,-0.747777404290787,-0.7198376878789274,1.711120697906062
1.0,0.4393806001063003,0.2762150062911384,7.503226351634205
-0.3532709286292277,0.3089424061458683,0.8511089943127945,0.06372978585423056
1.0,-0.18798620691708368,0.14534192653742917,5.3256514949106455
-0.264042408700494,0.35068761828938455,-1.0,-2.949048737169189
1.0,-0.9562373890294604,-1.0,-21.83089600609371
0.5181983847397944,0.02202194197571461,0.7013134711870603,0.9241600704781898
1.0,-1.0,0.4327583639327144,-7.305914336538954
0.5173733629064514,0.08451359344542064,-0.516185744950862,1.9368012864022472
-0.8337893984879157,-0.2383646430341373,-0.5225850374338468,0.06706795269426497
0.7008377492575133,0.6320588185596834,-1.0,-0.08450025503572328
0.2673729729935945,-1.0,0.1720320761304721,1.0113083018676952
-0.1713096048124778,0.3822098534463445,0.1943188497740238,-0.1763965199443702
-0.6019857856401802,-1.0,-0.02267845996496698,5.20719548636965
-0.7615698867473608,-0.24963602555543796,-1.0,2.569148757359789
1.0,-0.4209266377725267,0.9394460846599535,5.701148648396665
0.04600680717891481,0.9368772953215627,1.0,11.2701796097253
-0.14823736410705268,-0.4387473961278745,-1.0,-5.017038375799761
0.3839437055055659,1.0,-0.4699792081002603,10.811059338955944
0.03793775591602189,-0.9193918847585683,-0.6551339902438729,-1.0324289548087702
1.0,-1.0,0.9287010706517109,-7.574635743830428
-0.08529679741754159,0.08548464734794914,0.4030360337969541,0.9897476931715898
-0.2738503853897696,0.27075520132345354,1.0,1.4141304159139279
-0.4327032969351854,-1.0,1.0,-3.4134367386622526
-1.0,-1.0,-0.29713331916337604,6.09306386690737
-0.06886351998157214,-0.11068831936132861,0.9963822964254931,-0.3603026633871467
-1.0,1.0,0.0558898352372903,6.775849067254554
-0.6755919164368214,0.315572643959138,-0.15377020568807498,-1.6966735691840438
-1.0,0.45947902312735533,0.29504098804978285,-4.514484662249303
0.39946224357390214,0.28542049260041025,0.11715506263962472,1.132281148279421
-0.8154697110712958,-0.7571787729452844,-0.632265634287041,2.5644987029909654
-0.9192506347504834,0.5535497366241187,-0.9788313704586291,10.893180614685438
-0.07330368747026639,0.13449275967192853,-1.0,-2.9933227926301247
0.9285085713681767,-0.2576986913420045,-1.0,2.2965441585602977
-0.4965430480795918,0.01904596612179632,0.06742554719087201,-0.6561027533949453
-1.0,1.0,0.2226381554466963,4.0694326290682294
0.9201639587969566,-1.0,-0.8023957941236732,-15.845132626964206
-0.12709873213225742,-0.6573608062518741,0.4130370768800591,0.17265887758469278
-0.48435956033842675,-0.7695274856726815,0.9758731957683546,0.1821219143010318
0.2956479412576045,-0.9539865644690042,-0.11557012978873105,1.261530186419764
-1.0,-0.11766308136248504,-1.0,9.682442036645567
-0.8956540933343597,0.2143691827817913,0.20311175188952268,-3.6325668419918853
-1.0,0.2554289467980959,-0.37115786310360077,-1.8490955262599416
-1.0,0.39824683954513596,0.7923748238512813,-1.6682174319143626
-0.673416628259329,0.5282050395528761,1.0,4.624734489251321
-0.0014977184531830279,0.8832613456632763,0.9798856120868469,10.00793885675209
0.8035033586884501,0.795146462241892,-0.28377577548526856,4.0032612106516385
1.0,1.0,-0.31824040776205864,18.193313692935536
-1.0,0.23701420789937577,0.6019034241083931,-5.01090468840494
0.08719994298868383,1.0,0.7064250706686244,8.481575183994769
-0.6259635550570442,1.0,-0.5345117388466936,5.099175387347271
0.5565016801995812,-0.4567605475154728,-0.6975117045962949,0.8377783264710048
0.1334955078233171,-0.710959818883532,-0.6079723056891453,0.9461212189349617
0.9110163337324049,-0.5495851337846436,-0.2808656800166165,2.2466807171263152
0.013423777007524285,-0.2596511359982563,-0.8915682789392854,-1.2145314292534053
0.9253011095585209,-1.0,-0.5940874900079267,-11.183294492775456
-0.031305220597923844,-0.14888756972384543,1.0,0.00032254699399253406
-0.5749567801951712,-0.337772148273233,-0.21664221599175382,0.7088190886302554
-1.0,-0.1523552602830096,0.7062627467497384,-2.5271856548193194
-1.0,0.11012874500669767,0.47272970185348107,-4.443453705547742
0.2523564449254545,0.4957172057029915,0.20647906611988098,1.549861792492463
0.704405111295932,-0.4712557193595379,1.0,-0.9425228644180548
0.02340453283640631,-0.6344030685447035,1.0,-1.6076442022943085
0.06772581478006057,0.08300618749995059,1.0,0.31035477964650315
0.6378539531690575,-0.32687926801681666,1.0,-2.3582685936963372
0.013403379483086564,-0.8810123060109383,0.15758814613900363,2.387482076604487
-0.11779843525565603,-0.26964026527806695,-0.6540487713403145,0.5659205353554573
0.11460737139000976,0.2904569446566234,-0.2737344866929252,0.27672653562893174
0.2946623577273859,0.17302772248067266,-0.5664212305592691,1.106572085316333
0.7219095943662694,0.35966195530040324,-1.0,-0.4531527103498528
-0.021828288482775182,0.412628217556102,0.08580994203577386,-0.30211410696630003
-0.1782165971052181,0.042574240213865355,-0.05845789423699266,-0.22724044726281606
-0.014718976024456376,-1.0,-0.39675860854003764,1.8588802105870537
0.49882768966961466,1.0,1.0,9.570532564134016
-1.0,-1.0,0.24808443092039623,9.569899491711444
1.0,0.439254717730879,0.41680258085148436,7.627524077385854
-0.4466505583564395,-1.0,-0.9052323022413198,-7.682694263331369
1.0,-0.35831642846833134,-0.49700936378745486,4.842394896048813
-0.4198652660815585,1.0,-0.41525620225145277,6.67262452551231
-0.04361774112185901,-0.4830805083693981,-0.7033082745595953,0.07234200073271768
1.0,-0.8966576666578789,-0.44962020715946704,-2.6504303210962323
0.5434878087008312,0.7208014545738095,-0.26020843100324953,1.9754443769617374
0.4077411985691477,-0.5870670393941042,-1.0,-8.139583730659716
0.5948055641637693,-0.6494987573151745,-0.49075696499900134,0.6848771195744994
-0.5999227827411604,-0.8880687772866702,0.4217594576592658,3.0122911276473356
0.19862015508727549,-0.41145806174207755,-0.9229449877852476,-2.606910546833741
1.0,-0.07043858890207333,-0.9152311624669769,8.522454137306248
1.0,0.3915320917505267,-0.5120069281880077,4.776340310910854
-0.1067576891094042,-0.6950706696569169,0.005209575395331845,1.4190809282340093
-0.27453127682731626,0.8666671925896434,1.0,10.953407565943678
0.21793585817194572,-0.026505254632072095,0.5927644265049528,0.5285725204798762
-1.0,1.0,0.2508068164782611,4.6765471385102675
-1.0,-0.054250601308036606,-0.1807231682847814,-4.650029251271668
-0.17974100077826694,0.17573623329418098,0.4388334184427207,-0.2628915515536969
0.6421687766968054,-0.27244014133562944,0.05939110558684657,0.6375481723888797
0.6897435454232916,0.706432466423931,0.09234495066218873,1.9478980541316793
0.35806275279510125,0.7122340347437808,-0.3159329481827928,0.9742946895376432
1.0,0.5502396169210166,-0.5677169965617477,5.860779740290607
0.23951807691207194,0.7015606289741325,-0.9362829988886152,-1.563230482560341
0.5229516204761038,0.3438717428854827,-1.0,-2.365744521796918
1.0,1.0,1.0,25.667150505875345
-0.30992925436887586,0.22189069024250463,-0.8435190429251707,-0.9709489225206166
0.8623552346826422,1.0,0.75338364996712,12.42673968229922
0.434990513951772,-0.6135985092505709,0.2977252935343324,0.5993335375943731
-1.0,-0.21323445883050818,-1.0,9.395749869867892
-0.33940890348818686,-1.0,-0.648319743805865,-1.873981950322047
1.0,-1.0,-1.0,-29.710262346327458
-0.7664850024027803,-1.0,-0.24982854145886302,4.876179627827341
0.39610240411491593,-1.0,1.0,-6.843526690672806
-1.0,-0.8154686220320773,1.0,16.457449157657198
-0.04356879808944969,1.0,0.8558333150380086,11.15486446470342
0.6388355607926484,-0.3081253188634465,-1.0,-4.520995998185366
1.0,1.0,-0.7259989555437334,27.43289351143723
0.5187247079764647,0.5932845724124831,-0.1187154589559376,1.1252956748681546
-0.5291276634217104,0.11179707002247108,0.361994646618675,-1.2287684710964748
0.3536698629661399,0.07839139745145696,-0.9613375514468325,-1.5202511337741849
0.24053588081734012,0.5792489384094577,0.06037542246570515,0.828025242935974
0.34501411124970316,0.32661495010061214,0.828756773497572,0.5765614677426935
-1.0,-0.8325527467291431,1.0,17.17758931603609
0.1363980550971955,0.5195911778204185,1.0,3.5181675784491806
-0.7668903143451284,0.6827484175636389,-0.39540890070935086,-1.7789944438894814
-1.0,-1.0,0.045986153552940445,8.137840803984869
-0.21972553500297343,-0.5701486607483242,0.27099613269514267,0.22887852180114976
-0.11747164194028992,-0.7184751554526836,-0.4810756046573377,1.0055030350491367
0.8840116737907355,-1.0,-0.45144385202838944,-6.960640059748464
-0.047319484760901975,1.0,-0.38814608193362954,9.239622616654948
0.7929663499491602,-0.006701887469851453,-1.0,-1.0153843232739757
-0.2714566441229034,0.6508560232962814,-0.9919033005429068,-4.225387668433307
0.3253745651790487,0.30861626055641156,1.0,1.7527912654155362
-1.0,-1.0,0.17372813440329193,8.880690900879854
0.486297555840981,0.046110401268345536,-0.4737140081351512,2.016118421201474
-0.34140286211429416,1.0,1.0,14.810725724181927
0.16805050771997632,0.00023518918624509944,-1.0,-2.2009863662192313
-1.0,-0.004210102229570634,1.0,3.5309860339498402
-0.1436504342276228,1.0,-1.0,2.9951416507132724
0.10315248472123861,0.2770881353386325,-0.1121742394769103,0.6583618166812318
1.0,-0.5208619060323518,0.2364034988494581,2.417070559428879
0.4311631034639938,-0.7734296033208592,-0.32012903238872803,0.7216377431532797
-1.0,0.12463863728469904,0.21470725988557882,-4.391724971793262
1.0,-0.021632058991870373,1.0,11.504532247384597
-0.5417697066570055,0.537636805603849,0.8785230667398172,1.1827017307143168
0.3312019343498158,-0.2027073752498798,0.10846811495834996,0.30633757015477403
-1.0,1.0,-0.6272898857285629,13.92435805635198
-0.20766013762579383,0.3152449183954906,-0.16722693849215453,-0.8538339726509272
-1.0,-0.7433355966835202,-0.6711390696418509,1.620710539610882
0.1861391529018055,0.8323577368480544,-0.4988296314023126,2.5831679432745487
-1.0,-0.47468616224785065,0.5512978521644287,0.005364588175912344
1.0,-0.4311270686389441,0.3309822274640657,4.975931199851433
0.12732178581316056,-0.3909735173621389,-0.22317036641684918,1.599730312732604
-0.04977093797823784,0.13835062301288215,-0.14009553130351393,-0.04823849939108965
-1.0,-0.43677978161669917,0.23397810063917812,-1.4613768191835226
0.23683856041535667,0.5504180624275665,1.0,4.0079632924761865
-0.5674393556840562,-1.0,0.6883658067299818,2.456265533178049
-0.6005687455983877,-0.15489265747304604,-1.0,0.011563492900697914
1.0,-0.1189023563472098,0.009622544753354889,4.4027802245163405
-1.0,-0.11597649777371921,1.0,4.502735643642685
0.5710929998986563,-0.2596837019661984,0.717722967421818,1.7947310172691715
-0.4909899728048217,0.0860965334446413,0.937624096676668,0.3430959770372107
0.35577536266227017,-1.0,0.35324463256557026,0.5347912742326475
0.38714951886904836,0.1938731335226258,-0.19461733560084737,1.141876251883475
-0.6345006278628955,1.0,0.18496473709783423,5.165181550018022
-1.0,0.4635709867225535,-0.7886006986427263,5.976284262042591
1.0,-1.0,0.639561970382202,-5.948323952159183
0.17689183208192194,-0.3340305765753546,1.0,-1.642935292751994
-0.26205502733058283,1.0,-0.4990408847712,8.58648306737128
-0.876547869704988,0.3930661638219619,-0.758646790738889,1.6443383188412637
0.3899552267704536,-0.4874770686862733,-1.0,-6.18877789116293
0.08141369572289081,-1.0,1.0,-6.78412389649019
0.4812731085351316,-0.46300361249638833,0.31879487594396605,1.6969450916385973
1.0,-0.17200187445151793,-0.05937965252791133,4.685680866670329
1.0,0.5201993700358336,0.5915367830137974,10.864770981626265
-0.3704408016156109,1.0,-0.769607991060526,5.579092047102762
-0.25078979432889525,0.022101907281384392,0.17897676532661277,-0.2695289476049817
0.030513404021523582,-0.7171223247138845,0.08022641847996015,1.6461327111945314
0.2740599764622307,0.901425624170876,-0.2965540144066938,5.0769721858676675
-0.5454682057710458,-0.8014059442324328,1.0,1.056725956497547
-0.2140550653794273,-0.3254851446917095,0.9495620404859924,-0.23401782778365673
-0.2669705100396429,-0.4152547854644677,0.11116120694653286,0.9560871546539611
-1.0,-0.716065848167929,1.0,14.24728546302715
-1.0,0.08919812797114912,-0.5527010942414978,-1.576278309573673
-0.8420547522585076,1.0,0.45971517494933867,2.055713780927593
0.06310775881983899,-0.1460045159068184,0.1521604512060104,0.7250093815448067
-0.1874833615487097,-0.44715960255374987,0.726559698800741,-0.5938535979834602
1.0,-0.08374763738975766,-1.0,7.528443363687725
-0.0721046696027865,-1.0,-0.5252669203238463,-0.34421935953233607
-0.857012529203395,-0.03199136007694081,-0.5449866681865798,-1.0198028898908533
-0.7213216088776897,0.10816449000895623,0.9602059445516469,1.3730467228319228
-0.7531321918417844,-0.7092666962106495,1.0,5.156083362730032
-0.7404954594521655,0.35789004023842463,-0.1871590230246043,-2.1070729833040938
0.8592620824239792,-0.1753332492966735,-1.0,0.5862216357128205
-0.3557929767636987,-0.38609396792885153,0.5888416996512968,0.3985218696325448
-0.6622713793908075,0.5048515092234149,0.23600454673881877,-2.7620857371086966
0.8934051407117245,1.0,0.17852302854744995,10.073887985604586
0.21130044749837484,0.4324681615107311,-0.8617750836154168,-0.892257168852596
0.47023576562575653,0.7103407198400573,-1.0,-2.284949580927403
-0.04322782235313061,0.5846527915989519,0.04894640214429824,0.4398335558544201
-0.5946021178771272,-0.05594635282481519,-0.4143516485967569,0.29677528043990675
1.0,0.7037085895085968,0.36453779972836964,9.478653151689269
-0.3836505673802111,0.47149357801223934,-1.0,-3.238360336140817
0.2156316786841177,-0.44268895431022237,-0.39117358139158065,1.650256372444951
-1.0,0.8577474402670016,-1.0,20.089263969453626
0.179879873822949,0.35341865249707505,0.163111802712409,0.62264312095182
1.0,-0.3263528630824839,1.0,6.443820576939263
-1.0,0.5882980629894081,0.6173479335281711,-4.002969724044174
-1.0,0.17855751166093925,1.0,3.4567464429170673
-0.17336371377035653,0.03065569443724292,-0.853141931351064,-0.6101959432706409
0.4265673409597479,0.8920170809893593,0.09223145175457681,3.4565055595654863
1.0,-1.0,0.048114282091571425,-7.700680348445901
-1.0,0.2675754266436454,-0.2762830259249527,-3.042485003652483
0.32109796867749396,0.19831293596324473,-1.0,-3.021854247834632
0.4590760114217609,0.9127438194755972,1.0,8.934046717414192
-1.0,0.3047921520372976,-0.7905907161069254,5.075919462347239
0.8240314362096128,-1.0,-1.0,-27.478686604649493
0.339012139415402,0.48170984897806823,-0.7801137016872068,0.8551681882058597
-0.7652942116535335,0.5177833249239672,0.8857172313624377,-0.17336622364624066
0.850278586957756,-0.21788913045121072,-1.0,-1.1303527207671316
0.025313209265649617,-0.620369852243728,-0.4838390850283574,1.3959831994882257
1.0,-0.369509527210623,-0.09713949776920172,3.933241425989807
-1.0,0.7239994644997261,0.3551804826916187,-2.6656035335132127
0.9776082128362109,-1.0,-0.8707674183573424,-19.81905771875989
-1.0,-1.0,1.0,21.64392870858951
0.03147256000814003,-0.7301372638221773,0.2922757123417188,1.2079902890110719
0.8572757737039562,0.6129612288613024,0.3058002040253589,4.4278328472159485
-0.3884925437458433,0.9665388638124768,0.7184577797141969,7.50911135384256
-0.08915303377278905,-0.7549386356642933,0.29122568373959457,0.7477326114475762
-0.5093388346607575,0.4205051694100166,-0.12196935618911198,-0.7871405727374897
-0.7507400203690326,-0.7562275584267208,-1.0,-0.47242560459365185
1.0,0.6473015889520197,-1.0,15.28521160979018
-0.4564657912048429,-1.0,-0.914911048967515,-9.263272049425993
-1.0,-0.0365582603435588,-1.0,10.373316527138089
1.0,-0.35511954681413305,0.8425913309793174,6.616258810654405
1.0,-0.23589565714652938,1.0,8.514138049458158
0.21554458647104746,0.060022151930558376,-0.4140850677719783,0.6911796813551789
-0.06400518732403171,1.0,-0.2608366143263232,8.70455949475269
0.4996478560030997,0.4358047041014075,0.11984514584676065,0.7924748278537813
-1.0,-1.0,0.5478413422283293,13.830351564977148
-1.0,1.0,0.7184476838835965,2.308197065131395
-0.5358940486760417,-0.3092338486841346,0.212437453832526,0.0074158017220636585
-0.9254136812668621,0.5778739322848332,0.13827646465038357,-2.8280448781141754
-0.5592686423600106,0.5965566064046632,1.0,6.002701533071553
-1.0,-1.0,0.7729910351556903,16.19033191946217
-0.35524622416173335,0.0978416347001887,0.7652121349897218,-0.08769099988529463
-1.0,1.0,-0.48945034464752535,11.832101133405919
-0.4367865969358269,0.8806708844893982,-0.2941362929657607,1.3439427213312873
0.8914782785028805,1.0,1.0,18.950294007020112
-1.0,-1.0,-0.4864620677996405,5.898920104356942
0.6178522185897892,-0.4171704162234531,0.5869851332417686,1.1274891911757383
-0.2818523716829513,0.38967924950474475,-0.18753716718211222,-0.4526854715746834
-0.35560364473064765,-0.2085573765167794,0.4218365299872793,0.011315572941240241
1.0,-0.1442556716684511,-0.047001132751473884,3.713222147957824
-0.2137563107763143,0.3621138352275177,-0.5019485773389005,-0.35174908849805364
-0.9962850563245498,0.6577623495330667,0.7505362949298782,-3.447143481047002
0.538002489907095,0.2995464246202777,1.0,2.3212064054702037
0.20094021349226288,0.4401778618953176,0.45352389796137405,0.42951653435337384
-0.8818474209096165,-0.05674048692717193,1.0,3.7445690631774617
0.47680485498318625,1.0,-0.2886125121698442,9.58169172480118
-1.0,-0.008424715022146811,0.7894990245415507,-1.6307142432101598
-0.4245656044184525,0.35006243252287605,-0.3597404232039263,-1.3997161038334625
1.0,1.0,-0.04014961177766918,15.189854170225939
0.30276671908432085,-1.0,0.5176717720866353,0.2218330474357668
-0.4916196452288266,1.0,1.0,15.288837475594349
1.0,0.45801937867024645,1.0,21.367937941799017
0.012297091862290888,0.6226724517032545,-0.06600103883616781,0.4850337789518617
0.1355335445119712,0.9512539356737151,1.0,10.40199221534556
0.38084888798052585,-0.1040186820708513,0.1383551564753287,1.5580413336838421
0.2091497442534076,-1.0,-1.0,-19.1045379759108
0.26337945475878954,-1.0,-1.0,-19.510971578330135
0.3425041564771858,-0.16291073107186138,0.8740268566375833,-0.6063322811832271
0.8721978006614599,-0.18081849637398428,-0.28617624877990777,2.211299444234474
0.1827879393817884,-0.23668445007102457,0.718876596451594,-0.33823072646544794
-0.3617271281735399,0.28193362890696383,1.0,3.2496183073898797
-0.6535134730699099,0.3559180917648419,0.1428419224280808,-1.8481273720556242
1.0,-1.0,1.0,-8.950281798749945
-0.0835368612247771,0.042042735445177115,-0.050732935975133175,-0.13534465582956723
1.0,-0.20971475426912334,-0.5858994005641895,5.404285715276563
0.5799587787588287,0.12141870917857878,-0.9492131303853726,-0.9460829031262004
-0.15050473858777003,1.0,-0.1352334168176188,8.15904314661911
-0.8079466079966349,-0.5978186481620167,-0.5875163817754747,2.1700957943288115
-1.0,-0.1439803212819335,-1.0,9.639615750107671
1.0,-0.12516950038446395,1.0,10.44218895147619
-0.8756087431110253,-0.4112826972545307,-1.0,4.095685797215019
0.10750405421766795,1.0,-0.2223592867273283,8.970471207875278
0.32061025970804113,-0.9847880139424421,-0.14223529513769329,1.363560579611634
0.8681489733051271,0.7507883456333284,0.30848220902627177,6.291287687111145
0.36599403545818343,-1.0,-1.0,-20.75020014205131
0.45817627735262634,0.46946858633338406,-0.5681392004145072,0.428054786053393
0.08056984566869185,1.0,-0.695025956150563,11.335031231642787
-0.6509495686141862,0.49167856875152105,1.0,4.546812913726687
-0.18947270171664354,-0.5709394441509463,-0.8477590863776467,-2.185678844953993
-0.682599529483692,-1.0,0.6264972409688403,5.191412730667759
-0.2288907152383266,0.39472187164406214,0.1817190469149148,-0.2495027405365736
0.492802785774072,0.21328424415579805,-1.0,-2.8655554024449
-0.28999863809599313,0.10968840230099697,-0.006752178012262577,-0.2476537452629763
1.0,0.6594706215786508,-0.6801621489638907,8.138172754689057
0.12655104698076802,0.1771347207170162,-1.0,-2.6942994315149846
0.6115545984051969,0.2688405078227727,0.5641276565147717,2.267266863655133
-1.0,-0.29418447309458884,-1.0,7.492139704326815
-1.0,0.6187887186000447,-1.0,19.62159374558836
-1.0,-0.6265454185304762,0.1078735647007949,0.33402693052266197
0.8661330051589218,-0.872844524169613,0.44663681082484974,-1.2842778187959973
-0.05102903794140423,0.7849285494316258,-1.0,-4.357689888963568
0.07243580735505284,0.12984089716372327,0.1368038483548346,0.8016776835872279
-0.1995831450218697,-0.005134050170132909,1.0,0.7267632970726136
-0.302309754633723,-0.06898896010659716,0.5726759274056676,-0.6161071935144888
-1.0,0.18689818291379523,0.6824723098793886,-3.1616297718320476
1.0,0.34755199768857725,-0.08420016753361526,5.1936150447957905
0.6576149197393553,0.3881027222841251,0.5132643776795507,2.447059489194672
-0.3749147996480746,0.4000492712944437,-0.24936598792950537,0.11805115472097594
0.8490596156540917,-0.44557473215211685,0.09324732566847183,2.47611964615526
1.0,-0.32265663105883613,-0.7255242847938899,5.469797822943835
-1.0,-0.24142400114469997,-0.11151905198406253,-3.375186015361426
0.45045839617491223,-1.0,1.0,-6.414560226736997
-0.220720606282091,0.95402276560672,-0.11192586301575136,4.846150840030359
-0.43798727435160045,-0.3300319710208679,0.9666396271706006,0.04290372961259126
-1.0,-0.5872295761228854,-0.036054197247666675,0.23809115242040158
1.0,0.5316134212931602,-0.5970675355298416,5.764890215203439
0.4901466203280809,-0.6531084462763279,0.45392660984885724,0.4757216283542043
0.262330621711661,-1.0,-0.9002007440160185,-13.231813553768557
-0.010784967406516355,1.0,-0.9243037676065193,6.5092129310055435
0.8370421235189598,-1.0,-0.15893995044615217,-4.119032108958177
-0.14546589408211497,0.3602651609378691,-0.6217249451011955,-0.43101614391251897
-0.5912844650878513,0.13335563086582503,-0.09562370852216717,-0.5002131819867204
0.2714714434085448,-0.7660511199819404,-1.0,-9.677347006491548
0.4976056584395092,-0.43199630491936913,1.0,-3.392321758990287
0.5082853489372838,-0.29343559781448025,-1.0,-4.30119233466514
0.8719117635082287,0.28398703920557344,0.9430222550498184,8.802856829644016
1.0,1.0,-0.16814434644071063,16.06969963225568
0.4898610097813956,-0.8785634599119378,1.0,-4.14135894074121
0.8211298518578511,-0.10787237213336498,-0.5585733470909475,2.3538598187943958
0.3608101614436059,0.12526967746879092,-0.16149476284763598,0.9491763424286761
-1.0,1.0,-0.5948433153124975,12.39458575770108
0.24055517761563894,-0.4456005934330418,0.06615231751307893,1.0264481174592759
1.0,0.5650962686651484,-0.09176286499117814,5.62226167630641
0.09191585091850141,0.8435465492865559,-1.0,-1.6657826051833702
-1.0,-0.1006679544766309,-0.5565336760722102,-2.475558552007917
-0.8197005952742404,0.20400190986525124,-1.0,5.453004631212517
1.0,-0.5214066808059068,0.17739088828037186,3.501454938542547
-0.687863425434148,-0.2355538475527279,0.9761237336044379,2.1841051740622817
0.31710928133383987,-0.7593112876323076,0.9617116229571279,-3.1558596374361088
-0.11863076736844058,-1.0,-0.1393730057466338,2.9677332566196926
-0.02415353685360344,-0.29084557008946477,0.7264633891486012,0.06099366072027397
1.0,-0.40938733584930587,-0.955449496038252,5.536523119770999
0.13028534197641406,1.0,1.0,11.719139659676284
0.8390519267097174,0.576626167848818,0.24292923514890696,4.273622572269979
1.0,-1.0,-1.0,-29.682781725618167
-0.32891753090304965,0.12813571782904587,-0.11029614713801283,-0.4924630062687406
-0.5222762016195883,1.0,-1.0,1.4039809570278265
0.4471910693230987,-0.25706119382124837,1.0,-2.0152633377572124
0.7079786304160607,0.6195614083950745,0.06086492289940315,1.618083449890447
-1.0,0.13876620691745223,0.12184716733969947,-4.889549934848793
0.3557746172254055,0.7671431600694425,0.08780083777456116,1.855698806999039
-1.0,-1.0,0.9863830340215167,21.931885922395235
-0.3555023182574266,-1.0,-0.582218430078524,0.3157638155833883
0.03557683817676649,-1.0,-0.6209915714473251,-2.3369603461253114
1.0,-0.12820186830013847,-0.7171926853619315,6.1464387351017695
1.0,-1.0,0.8436180330955714,-7.057204475735788
-0.4552832567937113,-0.4701468629760077,0.6504032781512823,1.4350927376088627
0.8339002577828538,0.7204977407752202,-1.0,4.4399422148203
0.3502730061190409,1.0,1.0,9.490672790397824
0.17548783939907753,-0.3593226980231474,-0.12633539410803962,0.7823398316851473
0.05181098838430054,1.0,-0.5890588930660579,9.859108390432011
-1.0,0.45932796054077785,-0.19436273278599625,-1.8423596028261207
1.0,0.3187954622418312,-1.0,11.01517609768623
1.0,-1.0,-0.6816787110357865,-14.367611633018859
0.7145503072015791,-1.0,-0.8693038319341226,-16.48286457151134
-0.5039049679666652,-1.0,1.0,-2.3594819633449555
-0.758765881857508,0.4848894462538338,-1.0,2.3557077889513933
-0.7156044016701328,1.0,0.8463366951077187,8.109140964610852
1.0,-0.9735068710730992,-0.9337474207787781,-19.355847570832015
-0.9127202074424079,-1.0,-0.2461510046128843,6.493306320414633
1.0,0.7556788579792024,-0.763936814575741,11.146944931252392
-0.8344849728570838,0.002224246543770736,1.0,2.8496276490443786
0.6463537265778545,0.20086716984501818,-0.595617201404351,1.7538306793635148
0.00746677757685954,0.6418996331734703,-0.5698728357165948,-0.13383365900239508
-0.9703298760738346,-1.0,-0.7263042324319073,4.004508589137385
0.2424447689885625,0.7196576004443824,-1.0,-2.972577979090924
-0.6112844755585081,1.0,0.023203856916531596,4.660634313038305
1.0,0.3499988337032207,0.25968496568530464,7.060678943047624
-0.8854307906813734,0.6852037943632421,-0.6682740749484404,0.6046391767742646
-0.40073836269612007,1.0,0.7145513125978105,8.599171893453208
0.42872899314298407,0.4118441527610308,-0.012107167290819953,1.4575476099095972
0.03273511426286291,0.7415168881105929,0.22377696456550433,1.7931892465845527
0.7537074011569214,-0.7283223075196266,0.22846203997048686,0.5683025817022266
-1.0,1.0,1.0,16.82044967049203
0.7806030290022139,0.29193946440401675,-1.0,0.5372489270852907
-0.01984208489801098,-1.0,1.0,-6.856355184074806
0.9835064712726722,0.7016410860612741,0.8970103713773598,18.812090406991793
0.5384351073928866,0.20461057213142642,-1.0,-2.1256154081126217
-0.446813254309127,0.1548858042557204,-0.22261190679429887,-1.2354425108001466
-0.9630529617575243,1.0,-0.0454108875839363,7.780148602397275
0.864511028844158,0.3932007443217882,1.0,11.179067523600972
-0.2561020435013386,0.47529112187295564,1.0,4.0562741410719
-1.0,0.24547186141391442,1.0,3.7188846108176836
-0.8065414211902284,0.023531888492367425,-0.6708293371134786,-0.41637838290899315
1.0,0.2919790976260799,0.3159907000044335,6.945392970086289
0.3444631660063693,1.0,0.4200870844761089,6.880706175637935
-1.0,0.5819365669480259,1.0,6.309698365318946
0.2928596026840016,-1.0,0.8999760314027156,-4.356647670108104
0.0735931410950954,1.0,0.7232086257698034,9.100777989351155
-0.8193740493379322,0.04684334794526457,-0.38769246672315494,-1.6399826258895676
-1.0,-0.41448989292946026,0.285314856324806,-2.199318947295315
1.0,0.55949231411991,-0.5314740914843119,6.152646475890691
0.3023833110381684,0.4122142246163971,-0.2521078481551633,0.3001834159025658
-1.0,-1.0,-0.3621977533219083,6.088929962805239
0.2403456981990324,0.9525193716846652,-1.0,2.3432922213268865
-0.8286646272460978,0.2667450318345197,0.7074888534113,-2.310128319445597
-0.12405786717889211,0.7931046167823363,-0.04982879516529115,1.4343122640096708
-1.0,1.0,-0.3447814574547634,11.683530810347941
-1.0,-1.0,-0.016215095465464957,7.051779508455258
1.0,0.6707282797472354,1.0,26.0417935200467
-0.6694199070753242,0.13823932063482558,0.4697099562806697,-0.5538279430910227
-0.4673170877269275,0.13944764294754686,0.2823779625384284,-1.3497704646933268
-0.5784713266434149,-0.12727679198842168,-0.4050192574883862,0.9318078208910381
-0.938915684934746,-0.8266266295048881,0.21029160045342188,4.847892969207917
-0.5397508949682541,0.33478753761759017,-1.0,-1.7375548796694404
0.6252494664913222,0.29474781227025715,0.7667637561073943,1.6636281371487882
-0.20754727652414773,1.0,0.10630328740816664,6.633445141169764
0.09775276701982505,0.3055012832357653,0.5272966465284432,0.2659677322402041
-1.0,0.030229719981047287,-0.0863085345923571,-4.857370855842367
-1.0,0.4089231264158073,-0.6587666695558299,2.1958026012303713
-0.6939967107767437,0.30645564819499826,0.3473496933025364,-1.308829573794149
0.014122464708814064,0.6104194922360235,-1.0,-3.4100308168510827
-0.9583866322058632,1.0,0.6522118220166266,1.1240392362535103
-0.7843155560896904,-1.0,-0.6726508440416723,1.8917454972690282
-1.0,0.8518183357100391,0.009218480984894528,2.5220298929688463
-1.0,-1.0,0.3801035832130384,11.007082287201754
-0.4935125829418041,0.6982710065210191,-1.0,-3.843023851241985
-0.0588570668891788,1.0,-0.316891031722101,8.638812328868909
-0.9039639787145544,0.4077813320591035,-0.7780251510564515,1.5290471337330975
0.8333161707731616,1.0,-0.6539716010087977,16.313685103654727
1.0,0.07223754324297249,1.0,13.47701107179601
0.08370827651944657,0.2229475215697887,-0.22127913092691132,1.1690256454996415
0.3082381039207118,0.6313030517500351,-1.0,-2.444133392420425
-1.0,-0.33814133624157927,1.0,6.094383577543511
0.3837004254897174,0.657802535699241,0.15574638106786254,1.371567542797119
0.3809654569554093,-0.4456981342234436,0.5098047107640253,1.6474553015078999
0.7740356887420241,-0.10569712922190044,-1.0,-0.6802214232058639
-0.1724137867575395,-0.39815763956855355,-1.0,-3.331009767466128
0.7989275923288859,0.3277712020225527,-0.4794082077719348,1.7658217660931808
0.6097279052984648,0.3247757146120771,0.42224856063161487,2.0303727586228777
0.25643443205289485,0.34189456807740615,1.0,1.4589794990913163
-0.35222198251967685,-0.11589763528378083,-0.4672157175091156,0.4736187912689456
-0.8647294252973039,-0.6906110949503166,-0.05374942153468831,3.109034985898137
0.2748289983070731,0.6174223693903815,0.43991381672178953,1.2128333369899358
0.27121579709901944,-1.0,-0.42008019891178305,-0.24850667224015252
-0.12311921564252803,-0.6313120082917021,0.2808093538259062,1.1779306795988513
0.6188927506474715,-0.8120495027128203,0.9430484717854466,-2.590505587823169
0.8315619143596937,0.8023957074040782,0.745766835815056,8.351903108035268
-1.0,-1.0,-0.2338918286524565,6.617841058732475
-1.0,0.8126782433174247,0.24218393592245135,-0.5669727182834969
-0.09187587080724846,-0.3688139798839558,1.0,-1.0427474976017785
-0.8528810296739002,0.09371263918689143,1.0,3.090904816969567
0.5702079254904098,1.0,0.41004986763063567,6.632256598532195
0.9033747122811038,0.40204860759671024,0.20571938983832383,4.953233975276545
1.0,0.25465950814780625,-0.5439529089549957,5.506646049557929
0.32399311549881094,0.9577846401731087,1.0,9.13725391875845
0.31040619015414794,-0.4183917679382376,-1.0,-5.357649022855415
1.0,-1.0,0.1151550651761648,-7.532514467191804
0.9357305380928427,0.23214101392232567,0.4959519563119015,6.115711736244813
-0.5659227294834972,0.08278978608936005,0.032295874615196674,-1.7371937374124502
0.703436089248122,1.0,-1.0,11.491603877590572
1.0,0.9808817166045369,-0.1964725795554616,13.777615133793661
1.0,-0.6325988038234116,0.09075861253543582,3.2524364777183545
-0.32946105919480995,-0.9165179179593306,0.5721755777189481,1.2745198392218842
0.3691931054067201,-0.834931424264759,0.6134454984814093,-0.45092981960991874
1.0,0.10734589141701512,0.21709626542696725,5.395821500879612
0.7985695736570377,-0.25152765314227166,0.07334765549495215,1.658206744671572
-0.7611964253195962,0.21919281600744878,0.1609643158377274,-1.5851808405486816
1.0,1.0,0.5286604887003377,15.196978915506907
0.23211412726490654,-1.0,1.0,-7.426457594176235
-0.37630197979387425,-0.9195245472450002,-0.27299768382856127,2.8974549589449734
1.0,0.19487201399343856,0.6166281516748562,8.317258166057265
-1.0,0.00045579868667733336,-0.05708214028443792,-3.8505249066587552
0.49912986181548225,-0.1518149390445176,0.4004454012370331,0.7741480370311211
0.7454088783302744,-0.3460024066530971,-0.801988554736222,1.2132879480735919
1.0,-0.23074077389462966,0.754680545936435,8.193686267700125
-1.0,-1.0,0.9447085083537612,20.142623833440712
0.7440704659905122,-1.0,-1.0,-25.837799069571496
-0.3226126493789039,0.5247178609641212,-0.0358149866187043,-0.8053572642741579
1.0,1.0,0.8824960064888576,21.269308039701947
1.0,-0.5636653756359122,-0.907856669423251,4.250771817442333
0.6228407657665442,-0.9169588639958774,1.0,-5.340019189615683
0.31733965026623756,1.0,-0.8226648412769988,10.383472669504053
0.021521109342376832,1.0,0.14311190556850328,7.632329856902923
0.9708266023026326,-1.0,0.7517838684277562,-5.8560465709757095
-0.8895748618265777,0.98320463099976,0.072428988245554,3.3967936916781563
-0.21618101835213244,-0.6371807447204922,-0.47692585517918706,0.7686508443961095
0.28632891753299927,-1.0,-0.6561656917018692,-4.2614931041744475
1.0,0.3411169934404066,0.9424559291706651,16.9256768813031
-0.02315752239453661,1.0,-0.6841140283772034,10.237014543975361
-0.8374663151712922,-0.39494205936276305,-0.05931728987127238,0.2843202866462012
0.9154842951281283,1.0,-0.9641868433898064,25.88150166634277
-0.2763091935907438,1.0,-1.0,2.259868237637466
1.0,1.0,-0.8335863357384437,30.978361619338482
0.07742236471621267,1.0,-0.9310592314226194,7.555391475098823
1.0,1.0,-1.0,39.178761561949564
0.4419542168956285,-0.5750575582074926,-0.7994434987149825,-0.7543171728350475
-0.5589054068859873,-0.07325878782781259,-1.0,0.3439624066350788
-0.6836965642057362,1.0,0.031223882462148023,3.7683599118149953
0.7028785569268237,0.26644077558465296,-0.5521673784370995,1.9045895052332202
-1.0,0.3183865245344537,-0.9014005417524655,9.155356377838235
0.29072017292145746,-1.0,-1.0,-19.33005925246825
0.6510374610735459,0.1647768103108589,1.0,3.0537811081852917
0.3498934079212086,0.18098509845006583,1.0,0.9232216950979113
0.8542924873005031,0.043889947102865756,-0.9655278099028957,2.7125167968145574
-1.0,-0.6238339499024173,0.2629613453226245,0.9296962337197153
0.03795361818739362,-1.0,0.7569038014039915,-2.135061833854026
0.9583227102976011,-0.5297624150265732,-0.12123850066396558,2.3022871329731687
-0.08644501108863833,-0.3320710788529191,1.0,-0.09917097249630635
0.25630632084186944,0.14337619796304946,-0.4370234444877139,0.35535094349683893
-0.06173016031716538,-0.2066636392689849,-0.148500248455552,1.1341162644962266
0.6557695851584415,0.06869715844363355,-1.0,-3.0532274033965643
1.0,0.5262678561186196,0.14041021846473045,7.605748430123388
1.0,-0.7947044436158135,-1.0,-7.09017622951445
0.1512653365071015,0.0339470985958128,0.6444625830578035,0.3118745404011345
-0.20776630515421424,-0.8624436878671964,0.0068351212010799856,2.1775690124989087
-0.4144602991506632,-0.8122798868179784,0.24534554273529352,1.501461444184887
-1.0,-0.45816575039754515,0.559579918525934,0.09845026592044587
-0.2552891553619878,-1.0,0.9079251500992305,-3.6125913708677513
-0.3456194426153496,-0.09491802755987555,0.8901571605042526,0.1829724674350203
-1.0,0.8537199812917871,0.5883819277374678,-1.2573981911119922
-1.0,0.604807155400243,-0.42328566536575907,1.550574936303654
0.493670159220974,0.21123038912243897,0.9005615314223605,1.0975829966323472
0.9992848748814738,-0.9599901776913853,-0.3751048329859674,-6.248620766244405
1.0,0.9481027516272507,-0.563539592228639,17.542295974742597
-0.19794711457437342,-0.5038011600728891,-0.6875107374679921,-0.05710203883666115
-0.4296871104537918,0.02006433042217526,-0.39936344717828165,0.7339584120306408
0.11882761460649904,0.5153440360516406,0.01507631473333726,0.5305912132978418
-0.9706903234486235,0.12794972576044983,1.0,3.4653546742189105
1.0,-1.0,-1.0,-29.337375469959756
-0.14201979675771015,1.0,1.0,12.833547084825398
-0.33767873068967647,-1.0,0.7494751416808605,0.6117241017539292
1.0,-1.0,1.0,-9.909492735454922
0.567982969273829,0.5428766893146535,0.2824370982382203,1.275678068175616
-1.0,0.48977933508563254,0.183925709332734,-3.62883790959845
0.25154810609712785,-0.6851883733648811,0.23733003935219554,1.0841406704538326
-0.4964430564724809,0.11629555219401988,-0.15528426703641207,-0.8729167339893411
1.0,-1.0,0.06446456735828021,-8.14249886518426
-1.0,-1.0,0.14637425545093907,8.071912774989602
-0.224872269592284,-0.059030846884502663,1.0,0.9467999502350176
-0.33810574316580455,-1.0,0.7656728628310185,-0.08255784537059752
1.0,-0.10099615367863479,1.0,10.63533295907122
-0.7516924933477278,0.9710861420344967,-0.07090243758674819,3.20983877361804
1.0,-1.0,0.47228783832067767,-6.866140029224263
-0.6622114473150977,-1.0,-0.7634311430776259,-1.941745921090548
-0.11711956449286443,0.6609016221085988,0.4999461761578523,0.41026326537261004
-0.10921184726514488,-1.0,0.14099463310202487,3.266266293568479
-0.5362919752048738,-0.33168256401323126,0.18781504121297354,0.3313361374109821
-0.9791359124895831,1.0,-0.6427715030559888,10.621852207434557
-1.0,0.043469491263415705,0.4721331076729234,-4.012578862112907
1.0,0.04780103135659908,0.29685565208996456,5.428955840581802
0.7755148857958962,-1.0,0.6416774304931827,-2.569115703518421
-0.7510257327061061,-0.3235102985528877,-0.82178781458796,1.3287277503492692
-0.06849656516407832,-1.0,-0.9653175701282031,-14.569308393709399
1.0,-0.8094413535694234,0.041486854391781236,0.579898087426336
1.0,0.5283938563620956,-1.0,13.039053103387129
0.7927944467524481,-0.02770341001739607,0.649816993681281,3.3448230563199868
-0.7712620361493188,0.8239595089367173,0.4054343530060931,-0.824926498184764
-0.3072302564458822,-0.960697790629047,0.7409524507835159,-0.5534219750280165
0.4313916084419107,-1.0,0.9569106632133741,-5.845811730371217
-0.0051366583784391295,-1.0,1.0,-7.338063791161532
0.2793470107939895,0.811385199712688,-1.0,-1.9483015015248832
0.15995858540651242,0.2567589435491022,0.8334059106320859,-0.23419207039097245
0.08162208395198389,-0.9241274904806192,0.3510210471462325,1.3841495822374124
0.3508464176747459,-0.6695965643952053,0.7309741320206335,-0.5875013976030674
-0.18558645983949273,0.4074744737309641,1.0,2.7884851139306606
1.0,1.0,-0.646283095485729,23.766841506625997
-0.15067318597220436,0.36344348025224704,-0.09679412434815671,0.2468896302764927
-0.07091552239386201,0.2989322056192285,0.4866909809138362,0.3229866617178505
1.0,0.905159984966404,-0.7850709419884871,19.27632083578337
-0.8792480201896524,-0.05989902648754408,-1.0,6.009014079748511
0.26618709739218605,-0.05586247884626161,-0.27961827187069943,1.3663437250262314
-0.24212683516794353,-1.0,-0.29290120496498884,2.2253833444478617
-0.06953842980029212,1.0,1.0,13.742773809616482
-0.755602324373021,-0.020917883706938367,0.5360812824592653,-0.7705004159107144
-0.11184962321217351,0.14858321168698962,0.3421424087763265,0.1737331421825385
1.0,0.22883344587884968,0.9439895216338252,15.014939449341353
-1.0,1.0,0.129452226014116,6.017116984127695
0.6374370294860798,-0.9133804366938467,0.1774102569759719,0.15564773069158222
0.1288593687884405,-0.1993025845375982,-0.5250457518208143,0.13684243484890146
0.4674539965304143,0.42472434411790694,1.0,2.7801708604677953
0.3007247830664095,0.5269235835683987,-1.0,-2.958919483451006
0.3732490045008978,-0.2509895517393481,1.0,-1.2571019316276684
0.13733411758069947,-0.06216059067834112,-0.17378836234995654,1.370634618332112
-0.39622116289799303,-0.9972371049627458,-0.70735277802851,-2.092985571031188
-1.0,0.0742356261110999,1.0,3.124061717142431
0.28080974353280963,0.8919939933002707,0.28094232897712734,4.056478216265582
-1.0,-0.10745117297741635,-0.07312640167724416,-4.309003712287769
-1.0,-0.3927646145545789,1.0,6.888258358466848
0.08180878489717536,-1.0,-1.0,-18.505809627447544
-0.8247949707280378,-0.08200050810050996,-0.6255252398490716,0.36161489295758215
0.868504483330808,-0.41109720491514223,-0.6072536280005381,2.636318320024408
-1.0,1.0,0.6027460233860129,1.613724484800047
0.4880747713078828,-0.3663717859242761,1.0,-2.1511190025646822
0.10175066326385185,-0.42514949813671676,-0.005977316263692245,0.8659429039168718
0.6577508127203273,0.33278693569982587,-0.71832142775516,0.5200159577566156
-0.8925546115115337,-0.6034355940877127,-1.0,3.894792224827409
0.09402936077942803,-0.7724531103051924,-0.6575774951016653,-0.7388267523555838
-0.12695798685074577,0.4151303547895715,1.0,2.8337425615418352
-0.26229756786516023,0.8816229274557925,-0.9617492069136799,-1.864078568553507
0.9112222085012727,1.0,-1.0,26.810132654803716
0.5479044051282849,0.5308155405509791,-1.0,-2.8073270738109724
-0.016459365005666138,-1.0,1.0,-6.185192132927249
1.0,-0.8010599634213178,-0.8178662835519688,-1.2132912399528313
-1.0,0.9380220974706663,-0.20064667050144358,7.570117384126323
-1.0,-0.1943967224357961,1.0,4.281992111058629
-0.3288752275667042,0.15442212145916656,-0.03399029718978319,-1.035672046738993
-0.5989133391091566,-0.2017600011190257,-0.9066215838209155,0.6664810608295844
-0.9209664528550361,0.7102406284077343,0.17897841731034703,-3.938030547917723
1.0,-0.3756056729789785,-0.8122852208914833,6.007609714861125
0.23989263970442143,-0.8938561555126789,1.0,-5.700645413979071
1.0,-0.847984369724778,1.0,-2.52970768000852
0.5500883193842416,-1.0,-1.0,-23.665462258999383
0.6727979342651029,0.4063513032687691,-1.0,-0.5264028204624519
-1.0,-1.0,0.5725061855220654,13.704501145149793
0.661270731294024,-1.0,0.5061198043743538,-1.5890027137516216
-0.3903972067320418,0.9652058024249595,0.922750106022866,11.334706535727822
0.27443835375375025,-0.7004442228712888,-1.0,-9.698253555208245
0.7806911546615967,-0.8552013849466462,-0.10101842753129775,0.053613690740248104
-0.754060027064811,0.3114726281879394,-0.138315779202971,-1.900977929996822
-0.5060071569830629,-0.030593749663719416,-1.0,-1.11247794784685
-1.0,0.14124704005672495,-1.0,12.709791522857648
-0.2576529291086671,-1.0,-1.0,-14.665284170279552
-1.0,-0.7276593697184754,-0.7789141327699871,2.0447778812361936
0.9985291434301393,0.834510120927118,-1.0,21.122271543614932
0.0729225793448387,-0.2895134290631707,1.0,-1.9501979625911317
-0.4499107172843788,-1.0,-1.0,-12.607841638605045
-0.4136138358324297,-1.0,-0.8455902214361768,-6.596535655943403
-0.13826953279833654,1.0,0.6204568497642533,9.046526485487995
1.0,0.6498428566778887,0.10997087997004762,7.414097070965313
0.49796369150903086,-1.0,0.012829137982594885,0.3844553265373907
-1.0,0.19291768905287565,0.4334612399993234,-4.392553866512562
1.0,-0.08654275860151084,-0.8164238093907175,7.3709356780700075
0.10210978281646899,1.0,-0.70940148379943,10.195781594076399
0.3644189851327082,1.0,0.49922379205243783,7.3737700202573695
0.2234881494062353,-1.0,-0.9437946389176346,-15.06674089743355
0.49266851738841755,0.2876479105801486,0.32504091213310105,0.8246839022631804
-0.21908823401726374,0.6882146302798611,-0.2569706016269855,0.49833094971945424
-0.7123816081530059,0.03994813282473664,-0.3585289619739829,-0.9756414991021228
-0.2685088198638248,0.08160809270813019,-0.06954148448873587,0.046118832251488065
-0.324300371512354,0.5412190678002535,-0.2690913021227992,-0.5659235043955126
1.0,1.0,0.08823906883398358,13.721987472486925
-0.5407731027581486,0.375251244836337,1.0,2.780066271584449
-0.06909521887865866,-0.46045854617702187,0.3482214621800428,0.4940093804202069
-0.9988134450652895,-0.14488000068178497,1.0,4.387679447313297
-0.6037938322491694,1.0,-0.012865985675902136,5.489647014913936
-1.0,1.0,-0.9837486318315507,20.33690498944681
0.724055786216607,0.17417059379713584,-0.44747008080349526,1.1488935927021864
-1.0,-1.0,-1.0,2.714982079185408
-0.3665461945630455,0.20274438867506883,-0.8030709401392726,0.07985169515507784
-0.2766707801760868,-0.5774097208022815,-0.34927256600365486,0.47897702843778933
-0.10105561329234813,-0.7081249154812947,-0.5123494243274032,1.1350702371088786
-1.0,-0.5032953721899089,-0.01442928769700158,-1.8344730002066663
0.9370901087800918,0.17969177137713332,-0.010054092769864464,4.905536117084649
-0.5632026819725837,-0.7233132259369812,0.4139456174762066,1.9300239562819685
0.28394061122287706,-0.7433500212206354,0.7107572622377676,-0.695237502578399
-0.44180920586125527,-0.4441925246138443,-0.5359400852895821,1.4382228525779928
0.36743621593975795,1.0,-0.6809867340260902,11.542185886357492
0.02973483861351567,0.015426708334296269,0.7456138776483761,-0.0778742146759091
1.0,1.0,0.08312666483163711,13.900373369931797
1.0,-0.4849702275713259,1.0,5.202186279408582
0.017272851115903487,1.0,0.31202589374932743,6.660830895333995
-0.48635697462269123,0.3585179471548381,-0.4331344774907613,-0.5415731661213411
1.0,1.0,1.0,26.172223367381232
0.13602493380553415,-1.0,1.0,-7.028408615383052
0.6876594322239709,-0.5037571046856504,-0.35002435934834475,1.7114404197558482
0.32227643430175856,-1.0,-0.8139332143978122,-9.469981845319673
-0.4049636335135054,-0.32087263814445643,-0.04565421978766837,0.7538870127930082
-0.3716053584041896,0.23002969199976575,-1.0,-2.6522394597823067
0.23267845058984782,1.0,-0.17782617649612376,8.943331105762818
0.08764567426514125,1.0,-0.1755675272226367,8.121033925246198
-0.6450355641435312,-0.5544375138615585,1.0,2.136246138247397
-0.8511008217060219,-0.6098355491532346,-1.0,3.0400511942364794
-0.26428752221206486,-0.6653745129696793,0.04039559456289621,1.6270198348667457
1.0,1.0,-0.9151265087507106,34.54270455218458
0.46302474840277963,-0.2712649268804608,-0.29391918640917924,1.0967971754374324
-0.6928060265476959,0.10202342298971967,0.5447797100426313,-1.7601509870513512
0.9290097690222143,-1.0,0.010444024503737603,-6.937052370166003
-1.0,0.9091812883130141,-0.3262641009336995,6.424719695302996
-0.30060113491389373,-1.0,0.2523882382054794,2.3632787680051854
-0.696044829789412,0.5633307052776786,-0.30158649205363597,-1.9741957967972232
1.0,-0.051681814696031836,1.0,11.563167584690817
-1.0,0.7280964103245662,0.05849646468067582,-0.692192601998973
-0.46266115088827875,-1.0,-0.593265998308214,-0.5651937316063048
0.8332234429329421,-0.3485306277744986,0.09397887761299395,2.1233770767313707
0.06995936397281288,-0.028043684407380587,0.08141951646531376,0.7212898798679007
-1.0,-0.051863286625386085,-0.593200657651588,-1.4342008467253566
1.0,0.7212210267879233,1.0,25.340356815093056
0.5073067884737461,0.8881296202951741,-1.0,-0.1175669880234601
-0.036278845816726024,1.0,-0.15473434295036848,8.687253132208452
0.8988004799855669,0.2517315154542943,0.4726769794879304,5.657961691961898
-1.0,-0.8794208613903167,0.011334032071109057,4.593303416040327
0.017671258657615985,0.26755680781367186,0.668824912224824,0.647243772720484
-0.2280594604272792,-1.0,-0.582613906920231,-0.3484498180191328
-0.07695902046528835,0.23219986040705765,-0.15306322093828895,0.13598769385130713
0.23663118002464834,-1.0,-0.5887645817720193,-2.4472919911192377
1.0,-0.31966292083044334,-1.0,4.068768561996946
-0.09768913374196031,0.9665566258363394,0.7078741519067095,8.122561748147588
0.4196162595476356,0.13213287981498612,0.22225162804537657,1.9117725031064372
-0.6695961672673316,-0.4275053072010553,-0.017100642181579806,0.11250781846000735
-0.24906511088563743,-0.10120664113866251,0.226955917714472,-0.3141317251419625
-1.0,0.68351157609466,0.6311126610629463,-3.5530766043385706
-0.6810074183399144,-0.5982319409051737,0.5230499273383433,1.4154907397866483
0.9997249274437123,1.0,-0.31846993303774984,17.200273940600688
-0.05674182387850113,-1.0,0.9446673336284186,-4.6901432483004815
-0.47341130726666636,-1.0,0.11022382181323565,3.867850900185324
-0.4227363101983084,-0.7136427082304504,-0.28173884414555195,1.9577584061239972
1.0,0.3013486220216701,0.04894011727855374,5.669779319836514
1.0,1.0,0.014292690462620605,14.429778829160476
-1.0,-1.0,-0.2768521011788283,5.800774643287935
-1.0,0.279638766797232,0.18196664849826893,-3.9642417010868694
-0.4492468252050861,-1.0,-0.025628566350323734,3.350702718722766
0.7235861965787336,0.742693132364534,-0.34253532496518546,1.4118447890159416
0.4750594639266339,-0.0032047166680688743,-0.3453705490501524,2.306838233317502
0.1802927946985886,1.0,0.5994526821624901,7.614235299754371
0.29529244071563676,0.4760263800041691,-0.03182454619468622,-0.014352922535265322
-0.7421565905950165,0.9138978187274653,0.016520299782980086,1.2985846564008745
-0.5497833303393733,-0.4430448668696372,-0.2808851425544985,0.7656669475132051
-1.0,-0.44911390098382875,0.13408948733645176,-1.970434507499556
-0.02866058082349876,-0.34698424110802173,0.11566434999783692,0.5400132543049425
0.8312171935373576,-1.0,0.38990306224354754,-3.754196128394987
-0.464522199121421,0.12022395215321424,-0.9999926717391403,-1.0183745228658034
-0.8634628122842285,-0.06053782360081961,0.35040408219232666,-2.337599686829135
0.4377615970541915,0.9359580290849356,-0.9892894257691398,2.0014043563089334
-1.0,-0.6375295926519697,-1.0,5.005654958083116
0.7411294044868666,0.2389179394146108,0.7493165433629612,3.290776064966037
-0.18603466994797602,1.0,0.4287781089354312,7.900724258788451
0.38161468954221456,-0.5179797457885875,-0.32715628901682625,1.6700488713188157
0.29885497558033847,-1.0,-0.705421033443624,-5.109000720258817
1.0,-1.0,-0.013848394306538392,-9.226192363287838
-0.17650663173307768,0.9467361257448017,1.0,11.247732163175566
0.14002109855281586,-0.6759550351032104,0.5166250037061315,0.059799154206559124
-1.0,-0.2049281361238242,-0.6264081332173836,-0.9433917371914252
1.0,-0.47644011915987083,1.0,5.366356907495
-0.5219601423568976,-0.7550772765956648,0.2888307052079859,2.581684575575453
0.6669260739587446,-0.9877377756531085,1.0,-6.881595333589589
1.0,-1.0,-1.0,-29.14756612529859
-0.8088327995897111,0.21842619554741316,-0.45138885351785385,-1.9055568214165368
-0.7044363730345073,0.8327722831966968,1.0,10.356790340929132
-0.12999136027852787,1.0,-1.0,3.1318110245839232
-0.6183526381465005,-0.7003272769964186,-0.9732386016328574,-2.711651127019421
-1.0,0.0693552014027532,0.3402730693459819,-3.8474832553229934
1.0,-1.0,0.2817922905799839,-8.24786983343235
-0.2170547457723795,-1.0,-0.65857412457398,-2.058991239029541
0.6350416571574216,-0.6624641584979196,0.05600108143470606,1.5359315398537463
0.1597659219909915,0.7089088770708183,0.29353501131555926,1.4671607894327467
1.0,-0.33611500248596715,-0.4161942016358111,5.52026267677432
0.6021564055833224,0.35156118005112447,1.0,3.930704979475169
-0.7218313159427503,-0.08187526552554414,0.4175965600015483,-0.6444867678441153
0.7064715363010552,0.4380864044417807,-0.8994442724251859,0.7844480266303111
0.1553690833151975,-1.0,0.04224056930479114,1.9364330178545588
-0.3732999194295412,1.0,-1.0,1.1880474885942183
-0.9397767447188339,-0.4455906235484228,-0.004386611540748708,-1.0967947644658307
1.0,1.0,-0.29059982025956654,17.108584564168247
0.39085937399603954,-0.6124335853098504,-0.19276649102037569,1.8211147436414248
1.0,1.0,-1.0,38.7601250232275
0.1384017568914233,0.8354186719616654,0.027986181790995657,2.250063134838587
0.7462470862022643,-0.14521444758454338,1.0,0.5349123376176825
1.0,0.9271880006368274,-0.603270272956484,16.36371921472826
-0.2010787106096643,-1.0,-0.4174286677052814,0.928574505720104
-1.0,0.12763947492319194,1.0,2.7163006085597985
0.8306105184011732,1.0,1.0,16.39882964916324
1.0,-0.4640750628054462,-0.7512013951812322,5.878566095872773
1.0,-0.44360278563856204,0.2541128689767773,3.9078306592140217
-1.0,-0.22710484913080164,0.1967912965852845,-3.995702681659916
1.0,0.38968699875084933,1.0,20.545505249671734
-0.08658259963617332,0.05765184986153882,0.5528575286532957,0.37695799426847243
-0.20283131664752574,1.0,1.0,14.836648163104295
-0.7365279846948771,-0.801243398789532,1.0,3.587325952835441
-0.2935602153586958,0.021729405828790016,0.08015383905834494,0.09333483607744461
0.6767064802066931,1.0,0.4614394971457101,6.848600916111402
-0.05548726208851451,-1.0,1.0,-5.804966051620496
-0.6226831459620747,-0.058262122966978414,1.0,2.5270769866063025
-0.9811750840100424,-1.0,0.15500030815800026,8.915055667370872
-1.0,-1.0,0.20425627330454743,9.439564592192445
0.5303380515437848,-0.17486149048699007,-0.6403697488161157,0.9160834974303824
-0.9479749769114316,-0.7166923691799769,-0.3911421472153285,1.8810695026553075
0.5587729365762208,-1.0,-0.2771341271874783,-0.824671957684159
-1.0,-0.6547067167208911,-0.5095449223202537,1.0560841120581315
-0.4957603478692574,0.8387639133273945,-0.9636568710710789,-3.1448486772942514
-0.1960823603899502,-0.18790955229084205,0.22073700520369144,-0.08090342827910196
-0.27063913303385667,-0.4548332329139566,-0.024963409218998533,1.2163585766268863
0.5521389362518021,-0.6295522132485614,-0.09328443473158865,1.0343041037810998
-0.6749126730346688,1.0,0.8310201338492009,9.190748649662906
0.12174056614064122,0.3359158937022395,-0.38041880534134376,1.4406205498883105
-0.787500333728979,-0.8996066746935898,0.6812811183789462,5.983691709958001
0.2571274655671769,-0.0875925884404627,1.0,-0.38697238110876575
0.23670380689071568,0.6553177258545311,-0.8855929750012508,-0.5937797583336326
-0.6955687594930668,-1.0,-0.3959158682754178,3.9528257884688145
-1.0,0.10008783967691381,0.12093723600081785,-4.4025559079815615
-1.0,-0.4735054935478702,-0.7287460425330163,0.05473596455360519
1.0,0.9958764827759108,-0.37998072504374725,18.075921526565292
1.0,-0.2503326213155994,0.47416898798651563,5.561751966332093
-0.6152162827682432,-0.5460326185195421,0.28252432653045956,0.7044126311149248
0.7654713520609122,-0.6832120275248328,-0.7016572582574256,-0.47934608600168566
-0.8103800745311578,0.6295789196858348,-0.5836477235192259,-1.4913836673451257
-0.15898757247463124,-0.40094344701374673,-1.0,-4.310767578634925
-1.0,1.0,0.18181718831022953,6.027383611116492
-0.33416813530046663,-0.3130365966531876,1.0,0.16029480062389023
0.3155215104457083,0.779039080407109,-1.0,-3.1690970820611075
-0.7462477775448095,-1.0,1.0,3.9440937195881283
-0.1380013109190894,-0.6053211636756624,0.15448912643960466,1.790893966671729
-0.2830538232069384,0.188735829947849,-0.4978723366602664,0.8559827694160498
-0.8275689863464633,-0.26576136121566063,0.35826818653308434,-0.35710855720074636
0.6176821547303188,-1.0,-0.026646693667310428,-1.2007290998130744
-1.0,0.25000472525094963,-0.7294784124997522,2.89732587739167
-1.0,0.8253289096052892,-0.6633868061353465,8.363836730003687
-0.7946579777599792,-1.0,0.06627319026749912,6.286258352431181
-0.1426764758585075,-0.6606322749560072,1.0,-0.9180372743875839
0.24507450432261457,-0.5666622692321959,0.017259039658599873,1.6378911993817689
1.0,1.0,0.5229388996524953,14.190740000828045
-1.0,-1.0,-1.0,3.0409674449824506
1.0,0.9861631553176702,-0.3306940909091509,16.384865495443186
0.5474368809257104,-0.9202664794262616,0.7197337734972062,-0.7368840475431263
-0.7721630483046389,-0.7088016668695185,-0.2718811911196428,2.5889190926645824
-0.41058846189876297,0.866386392593945,-1.0,-3.3441922063456917
0.9519008565270828,1.0,-0.6559171374195492,21.201669427630236
0.19627970238956483,-1.0,-0.4967951023680375,-1.7130605070166611
0.6933057047205466,-0.7753671889074705,-1.0,-11.521558424961121
0.06433589457317423,0.4977373074585356,-0.5669871290322568,0.5235860441194795
-0.18131177387399933,-1.0,-0.18858664141249193,2.8946118223451887
-0.5518619435542049,0.9168175230173199,0.7093549368148853,4.043798606868014
-0.5312821592586157,0.09851021556047113,0.20944099047007048,-0.6786731836365141
-0.10543312999173948,-0.8624270265010605,0.5523886863018053,0.36445096790003645
-0.25873607820081723,0.21575812863638588,-0.048832216943660134,0.14598913801013683
1.0,-0.2566042082425406,0.9933650946408963,8.38529161225761
0.09850497229328048,-0.6592339562425054,0.5043604909985979,0.38772356322763146
1.0,-0.2745968026991681,-0.2046918133449891,4.431066855662839
0.5010915688069313,0.43237921736717766,-1.0,-2.25248923037757
0.13229454276315145,1.0,0.5075023863710324,8.393252165201813
-0.12815469615797848,-0.5239590175313324,0.8876521856310475,-0.2762958250359605
0.6599305268537305,0.058966276529075046,0.28481971041779675,2.4202574186712518
0.05290290874864456,-0.05938198220438595,-0.8251949511515864,0.42474891548310245
-0.9722643986974742,0.2968745273473783,0.11446258873058679,-3.3238115487719124
1.0,1.0,-0.6016440010420168,22.42837018303724
0.3008520914584789,1.0,-0.6167423486237775,11.271682643475868
-0.6003973696969038,0.6208533254095088,0.6575603074789063,-1.0780974808247978
-0.13576576721807077,1.0,0.9103937442671044,11.418104499772843
-0.5729035648384992,-0.8479183773826584,-0.7361285193163623,0.09152550588237546
0.7392573912662614,0.5038443706547855,0.08181425632939798,2.1240194153849115
-0.059773591783789604,1.0,1.0,13.179967451586691
-0.8227145874869535,-0.5021374019286282,0.9120642174760569,4.188402984496778
-0.36823666091254337,0.38999031198988154,0.6252511632568702,0.02398860240296008
-0.08218219032804663,-0.31639541372356406,-0.2125735001968605,1.2024514890946367
-0.39198292092088693,1.0,1.0,15.201698249531496
0.06106756704903926,-0.6618621998013419,0.031219440558592604,1.020296564047983
0.8642964367209605,0.19653816564181503,-1.0,3.093599979553601
0.24012037347737203,0.4536663376170287,-0.0006329202219685914,1.0734642818308286
0.17093404508944254,-0.3930689063348276,0.021963816165511796,0.6257543410299151
0.06613136129792929,1.0,1.0,11.76694189532781
-0.99553491469118,0.19856116606005525,0.5487584866578556,-4.271555638850739
0.5418984774381448,-0.3149972924924662,0.07816121351517791,2.243085442977483
0.9399870197678,0.8290953033809452,-1.0,16.08389317833733
1.0,-0.5717103269847954,-0.6779796321193605,4.937606349150803
1.0,-0.8936189023886578,-0.25937538307032937,-2.0911199877125646
-0.20204246591406272,0.16709584287795676,0.4686052266347911,-0.044237815812599696
-0.08116962148591811,-0.35121795089130026,-0.36789699213563987,0.5995521912100699
-0.23272648707305343,1.0,-0.9488151888766385,3.7033255393474005
-0.09025511499094008,-0.15883983124788625,0.6882163343223355,0.051816679091944595
-0.4583976735840549,0.22526081624926664,0.4592981340866449,-0.46741512074012387
-0.5466888204285036,0.23720147698607152,-0.9384072845992268,-0.5297370323985139
-0.1519553404374976,0.04260175791071008,-0.383754998662136,-0.5432217454792877
-0.5811588903525955,1.0,0.39164444716868196,4.841816687338734
-0.5420866408144103,1.0,-0.04255664632272338,5.172747040032035
1.0,1.0,-0.4617800188907537,20.092870580514465
-0.8777117368255387,0.24183895296460722,0.9493321504722847,1.4892865704882714
1.0,-0.7002044487128953,-1.0,-3.3503899426180066
-1.0,-0.5115460125880851,-0.9562043252139962,4.656758635641684
0.46154550633906544,-0.6246825958507678,-0.17082260354641687,1.2915495910269401
1.0,-0.574162781155314,-0.03013085385732661,3.688648841237616
-0.5640859111552354,0.8431125861801549,1.0,11.521253631355192
0.5346135097738194,-1.0,0.0806497085516995,-1.0390158480273406
-0.07112970149607256,-0.48552893539434105,1.0,-0.6284893442422527
-0.5737999108195746,1.0,-0.6442275996473097,4.174373618682579
0.18162019134794316,-0.25605860464563857,0.6472675755205757,0.2058445009716639
-0.8627881996552769,1.0,1.0,15.75150402017967
0.5892413774224414,0.7325485948549735,0.608399976316848,3.9655459340892234
-0.8837666414036254,-0.06937858169297573,0.10165096506469551,-2.5555577095186655
-1.0,-0.053924734309823696,1.0,3.270385358717556
0.25253000284146454,-0.3590112969042838,-0.7548656235237647,0.4114700741520365
-0.5281080065349815,0.39938850981963325,-0.30886179072377784,-1.27759648146136
1.0,0.04743935278806832,-0.5090212817040256,4.649133350515189
-0.7917837242264727,1.0,-0.1252058910284639,4.255569392228513
-0.5046364737414231,0.5762129202584934,-0.9915076422294293,-2.6285589987395164
0.09663680228278793,-1.0,1.0,-6.72886728597778
0.33056496418701875,-1.0,-0.6889239887656091,-5.308174636772797
-0.6985815329718894,1.0,-0.46590119642234806,4.736917867232521
-1.0,-0.4826352761579531,-0.7849064279943554,1.437697262280504
-0.9658551224143332,-0.7825851280939018,0.43726620136076266,4.975237249888386
0.9473546702808571,-1.0,0.922199803424284,-7.480256556700484
-0.17834354935822994,-0.35841557060360985,0.9602358870342469,0.3095973296792709
-1.0,-0.054172088829166354,-1.0,9.839734583785706
0.3334923533898084,-0.7585100054594294,0.4605702800464586,0.4837797212030191
0.2342479222751901,0.12427351969027223,1.0,1.053815346423256
0.5381135589756658,-0.38799280226654753,-0.08284081440532631,1.50338301280663
1.0,-0.42759561591434836,0.356635416406234,5.17521261519401
-1.0,-0.8876869004982846,-0.9076262735788083,3.3871714657049594
-0.5953701651218055,-0.9927666654940037,0.5014498480762068,3.800310325754417
-1.0,0.1864762699221174,-1.0,13.593616782541396
1.0,0.7055640021538883,1.0,24.91748728370234
-0.10209114034541411,0.08110781206260942,-0.2298369884611291,0.19725247400998763
1.0,1.0,-1.0,38.778208045888505
-1.0,-0.16097483381256228,-0.3820679558891742,-3.3324499643911905
-0.0651970411931686,0.35118148454045883,-0.42881715287271693,-0.1892998142743905
-1.0,1.0,-0.0715282471501626,8.448796604829818
-0.440033218548028,0.652012856844894,0.6307024901016332,-0.0818322833865342
-0.25306377253112733,1.0,0.12734987970295486,6.7732654417387455
0.053835670695757676,0.5721288658869632,-0.46911157889270494,0.717738971566212
-0.3222192080601216,-1.0,1.0,-5.23001905787436
1.0,0.07462381175392885,-0.49464886058206003,5.118562574279719
-0.8862959023714005,-0.5887787158399154,-1.0,4.219164275010118
-0.027424234759346966,-0.30515686611588544,-0.14933242491003296,1.2447939582732057
-0.1454078758336912,0.4910902069655376,0.4726873274483354,0.3234591176298234
-0.1675266439005152,0.69070393739602,-0.4553395296905991,-0.05132324354329659
-0.5125030119554534,0.6164421148322956,0.31277813637045915,-0.5685725389014012
0.37143127334349857,-0.7265623613695826,0.40767917128917697,0.3342855107658166
